"","ZEB2","ZEB1","Wnt","TWIST1","TrCP","TGFR","TGF","TCFLEF","SUFU","STAT","SRC","SOSGRB2","SNAI2","SNAI1","SMO","SMAD","SHH","RKIP","RAS","RAF","PI3K","Patched","PAK1","NOTCHic","NOTCH","NFB","miR200","MEK","LOXL23","LIV1","KLF4","JAK","Jagged","ILK","IKK","HEY1","GSK3","GLI","FUS","Frizzled","FOXC2","ERK","EGR1","Ecadherin","DSH","Destcompl","DELTA","Csn","Csl","cMet","cfos","CDC42","CD44","cateninnuc","cateninmemb","AXIN2","AKT"
"ZEB2",0.125367554082958,-0.248800002000294,-0.154988344988345,0.0250832760882338,0,0.0168460111317254,-0.0194915137772281,0.166486560689674,0.025,0.17,0.163333333333333,0.0380952380952381,0.0913880013823464,0.0224554856312786,-0.045,0.0390443222184892,0.056529933481153,-0.0131884057971014,0.0335227156854566,0.035021645021645,0.035021645021645,-0.0474390243902439,-0.012987012987013,0.104102564102564,0.105741908364859,-0.0111111111111111,0.226878562595099,-0.0069747539580659,0,0.15,-0.228765877219071,0,0.108827597436187,-0.0396540783160501,-0.0266666666666667,-0.0470798556282427,-0.208719872473642,-0.152236051410363,0.025,-0.152424242424242,0.0762284382284382,-0.000877192982456149,-0.0166666666666667,-0.244595776543416,0.159090909090909,0.108484411325586,0.035021645021645,-0.0111111111111111,0.0974358974358975,-0.165964912280702,-0.000877192982456149,-0.0148051948051948,-0.162261208576998,0.164798249001362,-0.143744991788848,0.12027466463938,-0.027601246105919
"ZEB1",-0.348976953023165,0.167953322950677,0.023148396319128,-0.167746101326912,0,-0.0573809119129099,0.036908470968028,-0.0192922043606207,0.025,0.00512820512820513,-0.0363352095059412,0.0906042884990253,-0.0276529107271382,-0.0632335900129182,-0.00909090909090909,0.00868105024085852,0.00391332204185459,0.0633508335635995,-0.103170032317139,-0.0841149142069024,-0.0841149142069024,0.00071301247771836,0.0561302681992337,0.00882352941176471,0.0104764219737482,0.00631578947368421,-0.308014802683167,-0.0849688174829403,0,-0.0333333333333333,0.341110501405216,0,0.01633989199933,0.000453565143756866,-0.00843830888697153,-0.00396252279671969,-0.0746088938641198,0.0461724513019459,0,0.0462253193960511,0.199710912562828,-0.0704313725490196,-0.0666666666666667,0.124873042669962,-0.00476190476190476,-0.0219214433213765,-0.0841149142069024,-0.02,0.0166666666666667,0.0128057977412353,-0.0786666666666667,0.0314925870398134,0.0371113532967909,-0.0343606975113056,0.0276194435821999,-0.0451392087021478,0.00584740539874276
"Wnt",0.151458632233381,-0.0701099952175992,0.125,-0.0294117647058824,0.1,0.0733333333333333,-0.0559420289855073,-0.0988721804511278,0,-0.1,-0.1,0.0242424242424242,-0.0478448275862069,-0.0535714285714286,-0.05,0.031584178095806,0.0266233766233766,0.0366666666666667,-0.0773410799726589,-0.0909774436090226,-0.0909774436090226,-0.0409090909090909,-0.1,-0.0928571428571429,-0.101190476190476,0,0.12040404040404,-0.0474509803921569,0,0,-0.149019607843137,0,0.0144362745098039,-0.0478632478632479,0.06,-0.038974358974359,-0.069435736677116,0.0881578947368421,0.1,0.2,-0.00639676113360324,-0.0533333333333333,0,0.0364551721554082,-0.2,-0.0347218979124831,-0.0909774436090226,0.1,-0.05,0.125,-0.0333333333333333,-0.0666666666666667,0.0881578947368421,-0.0836403923716576,-0.0335593220338983,-0.0606060606060606,0.06
"TWIST1",-0.180953760778322,-0.103999613648736,0.00935672514619883,-0.102402745995423,-0.1,0.0603735632183908,-0.121193608776477,-0.0198186204354961,0.1,0,-0.0777777777777778,0.106669404838741,-0.029616466300009,-0.100869296168747,-0.0502222222222222,0.0561933670844562,0.0470371220130313,0.13178061004148,0.0172797041310554,0.0635125808433841,0.0635125808433841,-0.0406331811263318,-0.0466666666666667,0.0357264957264957,0.0517642315755523,-0.115384615384615,-0.163859833001432,0.0464177966005214,0,-0.1,0.177756931415468,0,0.0137928681298734,-0.0116389116389116,-0.153479853479853,-0.0242006580989632,0.0441917869979587,0.0661567251461988,0.0222222222222222,0.0777777777777778,0.00352819536052844,0.0678108314263921,0.0666666666666667,0.0177084891007418,0,-0.0279725390669433,0.0635125808433841,-0.2,0.0511111111111111,0.00756501182033097,0.036231884057971,-0.132873563218391,0.064994730695833,-0.0574839453348635,0.0595650488993063,-0.0748075580333645,-0.126361209412057
"TrCP",-0.209523760091716,0.0814512125630676,-0.0662573099415205,-0.0360920383963862,0.0666666666666667,-0.047746371275783,0.0455605789260562,0.0632414592810632,-0.080952380952381,0.08,0.0688888888888889,0.0142601760176018,0.0699755251062652,-0.0410544769772588,0.0637480798771121,-0.0498173749786653,-0.0576986971610628,0.0583711316308001,0.07438403644286,0.0734749455337691,0.0734749455337691,0.0476986971610628,0.0523809523809524,-0.0576923076923077,-0.0532967032967033,0.0541666666666667,-0.214727533837716,0.0470921149594694,0,0.1,0.206044236273744,0,-0.0663083674164962,0.0491722136883427,0.0594298245614035,0.053939941793809,-0.043887987012987,-0.0677207245756668,-0.0476190476190476,-0.0688888888888889,0.0830866509766228,0.0550921149594694,0.08,-0.0248195369841845,0.08,0.0687190659913962,0.0734749455337691,0.0666666666666667,-0.05,-0.0634834834834835,0.0669565217391304,0.0386554621848739,-0.0654636815032855,0.0662759420396839,-0.0560700092536413,0.0687340830932243,0.0483187134502924
"TGFR",-0.21896446438392,-0.0024728350819625,-0.0725067385444744,-0.116848556741795,-0.166666666666667,-0.00710317460317461,0.00852161431948666,0.0821273810598538,0.0466666666666667,0.1,0.1,0.0916829109811566,0.0943960332494052,-0.120966493951208,-0.0529885057471264,0.069160170178423,0.0671834210013637,0.119047619047619,0.102923976608187,0.1,0.1,-0.0654885057471264,-0.0911111111111111,0.169770114942529,0.171928388323824,-0.155952380952381,-0.189053353333109,0.155337659216534,0,0.1,0.214602175729178,0,0.0801199547501654,-0.063822091886608,-0.145426065162907,-0.0890229702551074,-0.126813343148828,-0.0718615772541518,0.0633333333333333,-0.0857142857142857,0.204314193495891,0.151228070175439,0.1,-0.0828273351692185,0.0857142857142857,0.0210007628738908,0.1,-0.141666666666667,0.176666666666667,-0.0867924528301887,0.157894736842105,-0.0911111111111111,-0.0854766633565045,0.0834559904486934,-0.0679182671968785,0.0740360378772396,-0.157053972139651
"TGF",0.216322954949957,-0.00167810831426391,0.0857142857142857,0.112222222222222,0.2,-0.0911111111111111,-0.00710317460317461,-0.0854766633565045,-0.0666666666666667,-0.1,-0.1,-0.105263157894737,-0.0939330702864423,0.113591862682772,0.0633333333333333,-0.063822091886608,-0.0654885057471264,-0.104761904761905,-0.1,-0.108928571428571,-0.108928571428571,0.0529885057471264,0.08,-0.176666666666667,-0.169770114942529,0.141666666666667,0.187587077673285,-0.151228070175439,0,0,-0.219959318586321,0,-0.0772214040255277,0.0557575757575758,0.155952380952381,0.0815602836879433,0.128524834591371,0.0725067385444744,-0.0466666666666667,0.0857142857142857,-0.197763975155279,-0.157894736842105,-0.1,0.0804423266513309,-0.1,-0.0234201177126005,-0.108928571428571,0.166666666666667,-0.166666666666667,0.1,-0.1,0.0911111111111111,0.0867924528301887,-0.0821273810598538,0.0663016390213589,-0.071031746031746,0.145426065162907
"TCFLEF",0.2127977582846,-0.022151205032784,-0.0964982403217697,0.21989117979938,-0.142857142857143,0.0321808525459906,-0.0292007200956594,0.00563717275397882,0.2,0.0875,0.1025,-0.0951629049593122,-0.0287998946742193,0.145981422111129,-0.196190476190476,0.0997943032446404,0.196962294912028,-0.057357762777242,0.103309105906688,0.0979214580748877,0.0979214580748877,-0.199416282642089,-0.0358974358974359,0.248541367766619,0.247544690025755,-0.17412987012987,0.176947617309063,0.146484154637465,0,0.1,-0.2048303412274,0,0.17237950083185,-0.0996030986557302,-0.164452450775031,-0.124638690646113,-0.0724710538660555,-0.105193892495683,0.22,-0.0973529411764706,-0.360364814792529,0.143763066202091,0.157142857142857,0.0685834415130941,0.0823529411764706,0.0256601668108356,0.0979214580748877,-0.17012987012987,0.248541367766619,-0.101645299145299,0.135191637630662,-0.0312462731067382,-0.11170819222706,0.0103622586646317,0.0785917384228126,0.0325958485958486,-0.163365494253292
"SUFU",-0.103828855303034,0.054672444980934,-0.0730769230769231,0.0991329112442972,0,-0.0481828637147786,0.0247114633203013,0.166090113157524,-0.04,0.196666666666667,0.146666666666667,-0.0969942338363391,0.012997285262318,0.0685270954637873,-0.000277777777777777,0.00224723259886784,0.0011981786981787,-0.0532741894008462,0.0218612900552751,0.0436967330932498,0.0436967330932498,0.000732323232323233,0.06,0.186212121212121,0.192561327561328,-0.0388571428571429,-0.0710974335600504,-0.0463477144034738,0,0.15,0.0831762704099997,0,0.0820446601850603,0.00860727086533539,-0.0657802197802198,0.00302365697860722,-0.0322787754623126,-0.0481698598798971,-0.0275,-0.05,-0.0931816503267238,-0.027198778233261,-0.0261538461538462,0.0811446569783185,0.1,0.032099862105848,0.0436967330932498,-0.0428571428571429,0.190757575757576,-0.170938511326861,-0.0352447552447553,0.0194594594594595,-0.144622721853177,0.15110290088131,0.174302554652605,0.0362802311852377,-0.0597399513238439
"STAT",-0.188488434642281,0.0889904966828044,-0.115584415584416,0.0443136656779835,0.1,0.00678827751196173,-0.0275612243718651,0.107884019240486,-0.05,0.142857142857143,0.0928571428571429,-0.0151477832512315,0.0537201126421504,0.0123988925017754,0.0283333333333333,-0.0241462602032317,-0.0249169925224669,0.0131081081081081,0.0942583145068701,0.114407568238213,0.114407568238213,0.0399612403100775,-0.00909090909090909,0.00317965023847377,0.00609227159769707,0.07,-0.187903990192042,0.0521189120809614,0,0.2,0.0676074470192117,0,-0.0179763277764186,0.028743961352657,0.0366666666666667,0.0313333333333333,-0.082774810858923,-0.0895339954163484,-0.075,-0.0928571428571429,0.0658691206543967,0.0725490196078431,0.0666666666666667,-0.154489513626083,0.142857142857143,0.0828643996461918,0.114407568238213,0.05,0.00588235294117647,-0.115584415584416,0.0666666666666667,-0.0278409090909091,-0.0873792873792874,0.0913166771665886,-0.0731493319097253,0.0625296272355096,0.0485310734463277
"SRC",-0.1413596885295,0.0678571428571429,-0.085,0.0335341669824428,-0.1,-0.0619047619047619,0.0782683982683983,0.0847401039584166,-0.0333333333333333,0.2,0.125,0,0.0239110306377264,0.0377417049583996,-0.0166666666666667,0.0153449502133713,0.0174291938997821,0.0210166177908113,0.0479990139189138,0.0283020442219441,0.0283020442219441,-0.0203703703703704,0.0666666666666667,0.119285714285714,0.101428571428571,-0.0833333333333333,-0.117277119016249,-0.0115113398132266,0,0.2,0.048578811369509,0,0.0250194071983063,-0.00723684210526316,-0.091025641025641,-0.0375041377027474,-0.0422510822510822,-0.103032786885246,0.0166666666666667,-0.125,0.0180672268907563,-0.0171717171717172,-0.0666666666666667,-0.161823557705911,0.1,0.00679049211657907,0.0283020442219441,-0.05,0.105,-0.085,-0.0393939393939394,0.0666666666666667,-0.103032786885246,0.0983866363968954,-0.0960844185002245,0.0823685664499129,-0.0854700854700855
"SOSGRB2",-0.0461152882205514,0.0208270676691729,-0.0178571428571429,0.0570434782608696,-0.2,0.0374725274725275,-0.0183235913023147,0.0136275471286913,0.2,0,0.0428571428571429,-0.0458333333333333,0.0643614867069579,0.045498223169865,-0.15,0.162952101661779,0.157416719044626,0.0425438596491228,-0.0122627842966826,-0.0263653483992467,-0.0263653483992467,-0.136486486486486,-0.0428571428571429,0.174825174825175,0.159332217078696,-0.122222222222222,-0.0571265042004087,0.138886938886939,0,0,0.0475438596491228,0,0.175550279163948,-0.172043010752688,-0.15906432748538,-0.176136363636364,-0.0508591361887295,-0.0251035196687371,0.1,-0.0428571428571429,-0.0115750915750916,0.151008151008151,0.104761904761905,0.0490090166460479,0,0.0191533298915849,-0.0263653483992467,-0.2,0.136363636363636,-0.0211180124223602,0.115873015873016,-0.00285714285714285,-0.0283643892339544,0.0222317536296473,0.0646081666081666,0.0212046204620462,-0.14656432748538
"SNAI2",-0.0805848542059996,-0.0585418502202643,0.011066398390342,-0.0703080128385607,0.1,-0.085958485958486,0.0201199766417158,-0.0226659993215027,0,0,-0.0857142857142857,0.0933739012846518,-0.0255494542088825,-0.0217392018892563,0.0705882352941176,-0.0379925485929934,-0.080504878007541,0.0574615384615385,-0.0790945912027136,-0.0293229017049967,-0.0293229017049967,0.0889555822328932,0.1,-0.0951754385964912,-0.0795910230120756,0.1,-0.0940658107404709,-0.098966613672496,0,-0.1,0.0830769230769231,0,-0.0746335346860788,0.086317907444668,0.0551724137931034,0.0877637130801688,0.0580264722110586,0.0714942058769731,-0.1,0.0857142857142857,0.105180750960156,-0.0705882352941177,-0.0666666666666667,0.033843146141593,0,-0.0251055556434327,-0.0293229017049967,0,-0.0758771929824561,0.011066398390342,-0.107843137254902,0.00476190476190477,0.0723567209709872,-0.0635045086382729,0.0674941977761934,-0.0792123768671589,0.090112172829248
"SNAI1",0.21505881544227,-0.0882162802137441,0.0677207245756668,0.0366048589092067,-0.0666666666666667,0.0455605789260562,-0.0469718692486369,-0.0662759420396839,0.0476190476190476,-0.0688888888888889,-0.0634834834834835,-0.0138828175270357,-0.0726909123003651,-0.0609028183964067,-0.0476986971610628,0.0560904377092926,0.0575045224037812,-0.0558606713797541,-0.0733988147679831,-0.07438403644286,-0.07438403644286,-0.0576986971610628,-0.0386554621848739,0.0532967032967033,0.0561538461538462,-0.0594298245614035,0.211749627977966,-0.0470921149594694,0,-0.08,-0.207601868672498,0,0.0679554262400257,-0.0498173749786653,-0.0483187134502924,-0.0545351798890471,0.0442180200162873,0.0657097556542774,0.0637480798771121,0.0662573099415205,-0.0839761045979697,-0.0470921149594694,-0.0669565217391304,0.026120265392093,-0.0688888888888889,-0.0702541537106944,-0.07438403644286,-0.0541666666666667,0.0576923076923077,0.0654636815032855,-0.0550921149594694,-0.047746371275783,0.0632414592810632,-0.0643657716731377,0.0540320127078727,-0.0666361809953222,-0.0545687134502924
"SMO",0.0967514124293785,-0.0662429378531073,0.1,-0.109912854030501,0,0.06,-0.0194594594594595,-0.170938511326861,-0.1,-0.2,-0.15,0.0903508771929824,-0.013344280240832,-0.0828725038402458,-0.04,-0.00365079365079364,-0.000277777777777777,0.0750793650793651,-0.0188059033989267,-0.0490384615384615,-0.0490384615384615,-0.0275,-0.0666666666666667,-0.175757575757576,-0.190757575757576,0,0.0682338758288125,0.0352447552447553,0,-0.1,-0.0833333333333333,0,-0.0778835978835979,-0.0233333333333333,0.0428571428571429,-0.0139194139194139,0.0297201180696326,0.05,0,0.05,0.111896551724138,0.0261538461538462,0.1,-0.0863758125445332,-0.1,-0.0359390996600299,-0.0490384615384615,0.1,-0.166666666666667,0.196666666666667,0.08,-0.0266666666666667,0.146666666666667,-0.144622721853177,-0.18258412499565,-0.0313927451858486,0.0388571428571429
"SMAD",-0.161020533280213,0.0719585234581211,-0.0521367521367522,-0.0279173931053143,0,-0.0569791186598174,0.0470189592972676,0.0634973084665798,0.0333333333333333,0.08,0.0577777777777778,0.022840875480627,0.0908728153828822,-0.00307027157430383,-0.0533333333333333,-0.0312195566990088,0.05894023623569,0.0210995051474989,-0.0286911234019945,-0.0221121760335734,-0.0221121760335734,-0.0652599388379205,0.0619047619047619,0.0338587848932676,0.0394143404488232,-0.0253968253968254,-0.177765801556547,0.0524340906655235,0,0.08,0.155521566839368,0,0.0479359028068705,-0.0659233004438484,-0.0273576097105509,-0.0775283959846579,-0.115539968246735,-0.0463813564532989,0.0583333333333333,-0.0444444444444445,0.0509120008088535,0.0649340906655235,0.0857142857142857,-0.050452921514305,0.0666666666666667,0.010088570974687,-0.0221121760335734,-0.0111111111111111,0.0419047619047619,-0.0636601307189543,0.0695852534562212,0.0407780013413816,-0.0582055852644088,0.061268331769518,-0.0501360913616801,0.0554488778245065,-0.0326909430438842
"SHH",-0.125,0.075,-0.1,0.1,0,-0.0666666666666667,0.0266666666666667,0.196666666666667,0,0.1,0.1,-0.05,0.0285823754789272,0.1,-0.1,-0.0333333333333333,-0.04,-0.06,0.0115384615384615,0.05,0.05,0,0,0.2,0.166666666666667,0,-0.0833333333333333,-0.08,0,0,0.15,0,0.0657142857142857,0.0666666666666667,-0.1,0.0666666666666667,-0.0435897435897436,-0.05,0,0,-0.075,-0.1,0,0.0813888888888889,0,0.045974025974026,0.05,0,0.1,-0.2,-0.1,-0.0333333333333333,-0.15,0.146666666666667,0.181505376344086,0.0285714285714286,0
"RKIP",0.0603931133428981,-0.0481205164992826,0.0366666666666667,-0.0979352346999406,0.1,-0.00571428571428572,-0.0176502002670227,-0.0263648632069685,-0.1,0,-0.0666666666666667,0.0218412698412698,-0.0823331584775893,-0.137873797103033,0.04,-0.0705785533623966,-0.0685901639344262,0.0434873949579832,0.0653402153402153,0.0798701298701299,0.0798701298701299,0.044,0,-0.0585858585858586,-0.0547397047397047,0,0.0756766942286907,-0.111885546588408,0,0,-0.0583931133428981,0,-0.0879719459940173,0.0854300385109114,0.025,0.0924893534649632,0.0481087470449173,0.0443589743589744,0,0.0666666666666667,0.0569702328323018,-0.131034482758621,-0.05,-0.0584969022990061,0,0.00316475022064575,0.0798701298701299,0.1,-0.0222222222222222,0.0403508771929825,-0.1,-0.0466666666666667,0.0480431848852901,-0.0388330565911924,-0.0725035960330078,-0.0331223628691983,0.0340909090909091
"RAS",0.12380706921944,0.0608836524300442,0.0941176470588235,0.0640261865793781,-0.1,-0.105882352941176,0.0949912638322656,-0.0908115914123424,0.1,-0.1,-0.1,-0.0510822510822511,-0.0419413313001995,0.109773844641101,-0.15,0.181756338899196,0.167084745762712,-0.044685534591195,-0.0824358974358974,0.0194871794871795,0.0194871794871795,-0.162,0.06,0.102631578947368,0.112065541211519,-0.2,0.111384615384615,0.0489886480908153,0,0,-0.120714285714286,0,0.116144293317564,-0.173593073593074,-0.14,-0.172134387351779,0.00253229974160207,0.0899509803921569,0.2,0.1,-0.131111111111111,0.0352631578947368,-0.02,0.0556988961592542,-0.1,-0.0568609894191289,0.0194871794871795,-0.1,0.15,0.0941176470588235,0.03,0.1,0.0877346683354193,-0.0905283052933622,0.0102804357477839,-0.0756521739130435,-0.151111111111111
"RAF",-0.0603931133428981,0.0481205164992826,-0.0366666666666667,0.0979352346999406,-0.1,0.00571428571428572,0.0176502002670227,0.0263648632069685,0.1,0,0.0666666666666667,-0.0218412698412698,0.0823331584775893,0.137873797103033,-0.04,0.0705785533623966,0.0685901639344262,-0.0434873949579832,-0.0653402153402153,-0.0798701298701299,-0.0798701298701299,-0.044,0,0.0585858585858586,0.0547397047397047,0,-0.0756766942286907,0.111885546588408,0,0,0.0583931133428981,0,0.0879719459940173,-0.0854300385109114,-0.025,-0.0924893534649632,-0.0481087470449173,-0.0443589743589744,0,-0.0666666666666667,-0.0569702328323018,0.131034482758621,0.05,0.0584969022990061,0,-0.00316475022064575,-0.0798701298701299,-0.1,0.0222222222222222,-0.0403508771929825,0.1,0.0466666666666667,-0.0480431848852901,0.0388330565911924,0.0725035960330078,0.0331223628691983,-0.0340909090909091
"PI3K",0.179928023110505,-0.0573374231137511,0.0942028985507246,-0.0147710687981536,0,0.0516470588235294,-0.0703462458153993,-0.0944288872512896,0.1,-0.1,-0.133333333333333,0.0419230769230769,-0.0394791317446907,-0.00240338164251208,-0.05,0.0667463785514206,0.05,0.0195378151260504,-0.0861526418786693,-0.0697142857142857,-0.0697142857142857,-0.05,-0.05,-0.107692307692308,-0.0883374689826303,-0.0333333333333333,0.140009532632483,-0.0323690131790421,0,-0.1,-0.182236842105263,0,0.00824561403508772,-0.0659463785514206,-0.0392156862745098,-0.0620152692294757,-0.043999518999519,0.114202898550725,0.05,0.133333333333333,-0.0639744483159117,-0.0274509803921569,-0.0333333333333333,0.0544430541665697,-0.1,-0.0343757648018575,-0.0697142857142857,-0.1,-0.1,0.0942028985507246,-0.0333333333333333,-0.0676470588235294,0.114202898550725,-0.108655691375001,-0.00976211037604674,-0.0888571428571429,-0.0469079939668175
"Patched",0.0916666666666667,-0.0916666666666667,0.05,-0.148148148148148,0,0.0266666666666667,-0.06,-0.146666666666667,0,-0.1,-0.2,0.116666666666667,0.00475095785440613,-0.0709677419354839,0,0.0233333333333333,0.0275,0.102857142857143,-0.0490384615384615,-0.0115384615384615,-0.0115384615384615,-0.04,0.0333333333333333,-0.166666666666667,-0.175757575757576,0.1,0.0619047619047619,0.0261538461538462,0,-0.1,-0.116666666666667,0,-0.106455026455026,-0.0333333333333333,0,-0.0282051282051282,0.0578754578754579,0.1,-0.1,0.1,0.105,0.08,0.1,-0.103718985976268,0,-0.0119080919080919,-0.0115384615384615,0,-0.2,0.15,0.1,-0.0666666666666667,0.196666666666667,-0.170938511326861,-0.159283154121864,-0.0831168831168831,0.0428571428571429
"PAK1",0.209523760091716,-0.0814512125630676,0.0662573099415205,0.0360920383963862,-0.0666666666666667,0.047746371275783,-0.0455605789260562,-0.0632414592810632,0.080952380952381,-0.08,-0.0688888888888889,-0.0142601760176018,-0.0699755251062652,0.0410544769772588,-0.0637480798771121,0.0498173749786653,0.0576986971610628,-0.0583711316308001,-0.07438403644286,-0.0734749455337691,-0.0734749455337691,-0.0476986971610628,-0.0523809523809524,0.0576923076923077,0.0532967032967033,-0.0541666666666667,0.214727533837716,-0.0470921149594694,0,-0.1,-0.206044236273744,0,0.0663083674164962,-0.0491722136883427,-0.0594298245614035,-0.053939941793809,0.043887987012987,0.0677207245756668,0.0476190476190476,0.0688888888888889,-0.0830866509766228,-0.0550921149594694,-0.08,0.0248195369841845,-0.08,-0.0687190659913962,-0.0734749455337691,-0.0666666666666667,0.05,0.0634834834834835,-0.0669565217391304,-0.0386554621848739,0.0654636815032855,-0.0662759420396839,0.0560700092536413,-0.0687340830932243,-0.0483187134502924
"NOTCHic",0.216747181964573,-0.080805152979066,-0.00937062937062937,0.0840658778381836,-0.1,0.0771182795698925,-0.0701119101431409,0.014582560296846,0.0666666666666667,-0.02,0.0184615384615385,-0.0438277511961723,-0.0643099409573535,0.0476109076109076,-0.0532051282051282,0.0540938677629325,0.0627560453461782,-0.0652719144219873,-0.0129811717517864,-0.025296442687747,-0.025296442687747,-0.0767345399698341,-0.0666666666666667,0.0832258064516129,0.0884889643463497,-0.0777777777777778,0.211543177439131,-0.0357142857142857,0,0,-0.19836093857833,0,0.0984885754422178,-0.0476190476190476,-0.0555555555555556,-0.154816053511706,-0.00356860137424401,-0.0254996616286939,0.0916666666666667,-0.0184615384615385,-0.101290322580645,-0.0528571428571429,-0.06,-0.0618023557634391,-0.02,0.000248848314268876,-0.025296442687747,-0.0666666666666667,0.18,-0.00937062937062937,-0.06,-0.0706666666666667,-0.0280519480519481,0.0257275984647849,-0.0296076684767392,0.0167887091943696,-0.0718346253229974
"NOTCH",0.198228663446055,-0.0785829307568438,-0.0184615384615385,0.0670847457627119,0,0.0706666666666667,-0.0771182795698925,0.0280519480519481,0.1,0,-0.02,-0.0347368421052632,-0.0524862936627643,0.0502564102564103,-0.0916666666666667,0.0476190476190476,0.0767345399698341,-0.0497789566755084,-0.025296442687747,-0.0151515151515151,-0.0151515151515151,-0.0532051282051282,-0.1,0.18,0.0832258064516129,-0.0666666666666667,0.212121212121212,-0.0528571428571429,0,0,-0.201932367149758,0,0.0938528138528139,-0.0642857142857143,-0.0777777777777778,-0.171739130434783,0.00717520027864855,-0.00937062937062937,0.0666666666666667,0.02,-0.09,-0.06,0,-0.0708375778155065,0,0.0105821816476022,-0.0151515151515151,-0.1,0.18,-0.0184615384615385,-0.06,-0.0666666666666667,-0.00937062937062937,0.014582560296846,-0.0196685204037169,-0.00126684636118598,-0.0555555555555556
"NFB",-0.138907498631637,0.0550964768242445,-0.110854700854701,-0.0697198879551821,0.1,-0.122953535353535,0.0887763201636619,0.0997340543553802,-0.16,0.127777777777778,0.0816239316239316,-0.00749004865103936,0.0956935427398862,0.0528981491163861,0.134074074074074,-0.121091286637957,-0.132869254796966,-0.0207440100882724,0.0557908802146065,0.0836515767320195,0.0836515767320195,0.134074074074074,0.144444444444444,0.0681096681096681,0.0726257971419262,0.0714285714285714,-0.124049921355845,0.010765639589169,0,0.05,0.129761904761905,0,-0.0390909428033955,0.145998349834983,0.0416988416988417,0.147537962553442,0.0163833225597932,-0.0760232401805435,-0.16,-0.0816239316239316,0.14290566449929,0.0284126984126984,-0.00714285714285715,-0.0386255548015606,0.127777777777778,0.0951681589567831,0.0836515767320195,0.171428571428571,0.0696969696969697,-0.110854700854701,0.0128571428571429,0.0853535353535353,-0.0752614805157178,0.0808320935710665,-0.015160968738128,0.058596757852077,0.055032175032175
"miR200",0.329215949820788,-0.312894265232975,-0.14912676056338,0.128327684585353,0,0.0294987349778621,-0.0451964093964668,0.1480253190423,0.02,0.14,0.12695652173913,-0.00131850419084462,0.0996627269635095,0.0356360306360306,-0.0333333333333333,0.017547152945383,0.0436525408181985,-0.0189388670568168,0.104637220572755,0.115859165709912,0.115859165709912,-0.0371308016877637,-0.0208333333333333,0.0480788177339901,0.0554234505023517,-0.0147368421052632,0.259540964811712,0.0231601731601732,0,0.1,-0.331728778467909,0,0.0378988571885239,-0.00845624385447394,-0.0290225563909774,-0.0101977401129944,-0.0111187858521739,-0.137038848475468,0.02,-0.128,-0.0548280445841421,0.0279220779220779,0.0142857142857143,-0.279527577364408,0.14,0.0919334043410445,0.115859165709912,-0.02,0.0446305418719212,-0.148083282302511,0.0142857142857143,-0.0424019607843137,-0.135723731740713,0.139691985708967,-0.126471097093467,0.0886118363245761,-0.0271357639381473
"MEK",-0.0659486688984537,0.0195490879278541,-0.0443589743589744,0.0682649050296109,-0.1,-0.0176502002670227,-0.00424760995195541,0.0388330565911924,0,0.0666666666666667,0.0403508771929825,-0.00184126984126984,0.0910922825651806,0.147489181718417,-0.044,0.0886597341742047,0.0614006214507661,-0.00927686864219372,-0.0821656121656122,-0.0653402153402153,-0.0653402153402153,-0.0685901639344262,0.0466666666666667,0.0547397047397047,0.0656886098491938,-0.025,-0.0958005332379786,-0.00144778674492541,0,0,0.0603538976566236,0,0.0691194869776239,-0.0705785533623966,-0.0340909090909091,-0.0724893534649632,-0.0385264374626077,-0.0226806526806527,0.04,-0.0366666666666667,-0.0434567193187883,0.111885546588408,0.1,0.0490251354501901,0.0666666666666667,0.00541265563709483,-0.0653402153402153,0,0.0585858585858586,-0.0480431848852901,0.131034482758621,-0.00571428571428572,-0.0263648632069685,0.0310263651413783,0.0795767667647151,0.0133025430493785,-0.0470320855614973
"LOXL23",0.209523760091716,-0.0814512125630676,0.0662573099415205,0.0360920383963862,-0.0666666666666667,0.047746371275783,-0.0455605789260562,-0.0632414592810632,0.080952380952381,-0.08,-0.0688888888888889,-0.0142601760176018,-0.0699755251062652,0.0410544769772588,-0.0637480798771121,0.0498173749786653,0.0576986971610628,-0.0583711316308001,-0.07438403644286,-0.0734749455337691,-0.0734749455337691,-0.0476986971610628,-0.0523809523809524,0.0576923076923077,0.0532967032967033,-0.0541666666666667,0.214727533837716,-0.0470921149594694,0,-0.1,-0.206044236273744,0,0.0663083674164962,-0.0491722136883427,-0.0594298245614035,-0.053939941793809,0.043887987012987,0.0677207245756668,0.0476190476190476,0.0688888888888889,-0.0830866509766228,-0.0550921149594694,-0.08,0.0248195369841845,-0.08,-0.0687190659913962,-0.0734749455337691,-0.0666666666666667,0.05,0.0634834834834835,-0.0669565217391304,-0.0386554621848739,0.0654636815032855,-0.0662759420396839,0.0560700092536413,-0.0687340830932243,-0.0483187134502924
"LIV1",-0.209523760091716,0.0814512125630676,-0.0662573099415205,-0.0360920383963862,0.0666666666666667,-0.047746371275783,0.0455605789260562,0.0632414592810632,-0.080952380952381,0.08,0.0688888888888889,0.0142601760176018,0.0699755251062652,-0.0410544769772588,0.0637480798771121,-0.0498173749786653,-0.0576986971610628,0.0583711316308001,0.07438403644286,0.0734749455337691,0.0734749455337691,0.0476986971610628,0.0523809523809524,-0.0576923076923077,-0.0532967032967033,0.0541666666666667,-0.214727533837716,0.0470921149594694,0,0.1,0.206044236273744,0,-0.0663083674164962,0.0491722136883427,0.0594298245614035,0.053939941793809,-0.043887987012987,-0.0677207245756668,-0.0476190476190476,-0.0688888888888889,0.0830866509766228,0.0550921149594694,0.08,-0.0248195369841845,0.08,0.0687190659913962,0.0734749455337691,0.0666666666666667,-0.05,-0.0634834834834835,0.0669565217391304,0.0386554621848739,-0.0654636815032855,0.0662759420396839,-0.0560700092536413,0.0687340830932243,0.0483187134502924
"KLF4",-0.0996594427244582,-0.043421052631579,0.00902872777017783,-0.060483660130719,0.1,-0.0813333333333333,0.024260162601626,-0.0195972896430875,0,0,-0.0764705882352941,0.0955403087478559,-0.0131421609733209,-0.0163131185341844,0.1,-0.0485217391304348,-0.109274193548387,0.0427746856318285,-0.0829638009049774,-0.0388461538461538,-0.0388461538461538,0.1125,0.1,-0.131961722488038,-0.118559660632368,0.1,-0.108937728937729,-0.113871768013672,0,-0.1,0.111111111111111,0,-0.0698187270001363,0.092,0.0761904761904762,0.0961497326203209,0.0502746422162011,0.0607528657012123,-0.1,0.0764705882352941,0.146897335932424,-0.0901604278074866,-0.08,0.122323646195888,0,-0.0202864447384459,-0.0388461538461538,0,-0.110909090909091,0.00902872777017783,-0.125454545454545,0.008,0.0620722060310474,-0.0550891949980066,0.0615931527821772,-0.0723567209709872,0.105820105820106
"JAK",-0.171328671328671,0.1002331002331,-0.0928571428571429,0.0708837139871623,0,0.0278409090909091,-0.00678827751196173,0.0873792873792874,-0.1,0.2,0.142857142857143,-0.0392857142857143,0.0385498340043795,0.00301113739973455,0.075,-0.028743961352657,-0.0399612403100775,-0.0118918918918919,0.114407568238213,0.0918269230769231,0.0918269230769231,0.0283333333333333,0,0.00588235294117647,0.00317965023847377,0.05,-0.181481971843418,0.0725490196078431,0,0.2,0.0764309764309764,0,-0.00399783315276273,0.0388888888888889,0.07,0.0433333333333333,-0.0992857142857143,-0.115584415584416,-0.05,-0.142857142857143,0.0566666666666667,0.0666666666666667,0,-0.141793020276627,0.1,0.0668492672376167,0.0918269230769231,0.1,0,-0.0928571428571429,0.0666666666666667,-0.00909090909090909,-0.115584415584416,0.107884019240486,-0.0882526705424757,0.091941391941392,0.0366666666666667
"Jagged",0.201932367149758,-0.0971014492753623,0.02,0.062,0,0.0666666666666667,-0.0706666666666667,0.00937062937062937,0,0,0,-0.04,-0.0646556058320764,0.0333333333333333,-0.0666666666666667,0.0642857142857143,0.0532051282051282,-0.0256410256410256,-0.0151515151515151,-0.0333333333333333,-0.0333333333333333,-0.0916666666666667,0,0.18,0.18,-0.1,0.192121212121212,-0.06,0,0,-0.188888888888889,0,0.0938528138528139,-0.05,-0.0666666666666667,-0.15,-0.00191570881226054,-0.0184615384615385,0.1,0,-0.0757142857142857,-0.06,0.1,-0.0643859649122807,0,-0.0025019305019305,-0.0333333333333333,0,0.2,0.02,0,-0.1,-0.0184615384615385,0.0280519480519481,-0.0338046460581672,0.0157142857142857,-0.0777777777777778
"ILK",-0.179928023110505,0.0573374231137511,-0.0942028985507246,0.0147710687981536,0,-0.0516470588235294,0.0703462458153993,0.0944288872512896,-0.1,0.1,0.133333333333333,-0.0419230769230769,0.0394791317446907,0.00240338164251208,0.05,-0.0667463785514206,-0.05,-0.0195378151260504,0.0861526418786693,0.0697142857142857,0.0697142857142857,0.05,0.05,0.107692307692308,0.0883374689826303,0.0333333333333333,-0.140009532632483,0.0323690131790421,0,0.1,0.182236842105263,0,-0.00824561403508772,0.0659463785514206,0.0392156862745098,0.0620152692294757,0.043999518999519,-0.114202898550725,-0.05,-0.133333333333333,0.0639744483159117,0.0274509803921569,0.0333333333333333,-0.0544430541665697,0.1,0.0343757648018575,0.0697142857142857,0.1,0.1,-0.0942028985507246,0.0333333333333333,0.0676470588235294,-0.114202898550725,0.108655691375001,0.00976211037604674,0.0888571428571429,0.0469079939668175
"IKK",-0.130095238095238,0.0868972431077694,-0.0816239316239316,-0.0313071895424837,0,-0.0853535353535353,0.122953535353535,0.0752614805157178,-0.1,0.05,0.127777777777778,-0.0422268907563025,0.0798398842033008,0.0345419847328244,0.16,-0.145998349834983,-0.134074074074074,-0.0579234972677596,0.0836515767320195,0.049848759830611,0.049848759830611,0.134074074074074,0.1,0.0696969696969697,0.0681096681096681,0.171428571428571,-0.101995540691193,0.0284126984126984,0,0.1,0.135531135531136,0,-0.0103139643861293,0.129166666666667,0.0714285714285714,0.126109391124871,-0.00126373626373626,-0.110854700854701,-0.16,-0.127777777777778,0.136132756132756,0.0128571428571429,-0.05,-0.0254634360214643,0.05,0.0772279596212349,0.049848759830611,0.1,0.0363636363636364,-0.0816239316239316,-0.00714285714285715,0.144444444444444,-0.110854700854701,0.0997340543553802,-0.0330067976716021,0.0954761904761905,0.0416988416988417
"HEY1",-0.0996594427244582,-0.043421052631579,0.00902872777017783,-0.060483660130719,0.1,-0.0813333333333333,0.024260162601626,-0.0195972896430875,0,0,-0.0764705882352941,0.0955403087478559,-0.0131421609733209,-0.0163131185341844,0.1,-0.0485217391304348,-0.109274193548387,0.0427746856318285,-0.0829638009049774,-0.0388461538461538,-0.0388461538461538,0.1125,0.1,-0.131961722488038,-0.118559660632368,0.1,-0.108937728937729,-0.113871768013672,0,-0.1,0.111111111111111,0,-0.0698187270001363,0.092,0.0761904761904762,0.0961497326203209,0.0502746422162011,0.0607528657012123,-0.1,0.0764705882352941,0.146897335932424,-0.0901604278074866,-0.08,0.122323646195888,0,-0.0202864447384459,-0.0388461538461538,0,-0.110909090909091,0.00902872777017783,-0.125454545454545,0.008,0.0620722060310474,-0.0550891949980066,0.0615931527821772,-0.0723567209709872,0.105820105820106
"GSK3",-0.157302430100784,0.0676351820941393,-0.0851466902550494,0.0276875833832593,-0.06,-0.0601232136544968,0.0711488546801378,0.0869075763601239,-0.0409090909090909,0.0881578947368421,0.0988721804511278,-0.0296491861324533,0.0427018154420402,0.0368606256118895,0.0266233766233766,-0.0381231251625653,-0.0269051742574507,-0.0260741889689258,0.0866669362994416,0.075532482517929,0.075532482517929,0.0235558919607999,0.0559420289855073,0.0962816595169536,0.0934245166598108,-0.06625,-0.1229610129257,0.0405174533928404,0,0.125,0.154918963064363,0,-0.00228611907667445,0.0298772481010961,-0.0673994252873563,0.0234674882858952,-0.0381154994391181,-0.0964674449720305,-0.0266233766233766,-0.0988721804511278,0.0254507385719136,0.0376765443019313,0.0474509803921569,-0.0369964630370232,0.0881578947368421,0.0248989807479758,0.075532482517929,-0.06,0.0913865546218487,-0.0836403923716576,0.0474509803921569,0.0702277432712215,-0.0955451542764195,0.0946707342548607,0.0213059060348993,0.0763014387017839,-0.0725276304155615
"GLI",-0.157893241167435,0.0769439324116743,0.0237571157495256,-0.0216433896230161,0.1,-0.165232053784429,0.162643818490311,0.0531906567075725,-0.180952380952381,0.08,0.0574193548387097,0.0124851549630311,0.0597871107235575,0.00694462766700242,0.148715538847118,-0.0442613975808761,-0.146725113047168,-0.0039540532291277,-0.0902054109691202,-0.09000739116714,-0.09000739116714,0.140552273540995,0.168333333333333,-0.0892440318302387,-0.0882916508778578,0.0953216374269006,-0.170288390659908,-0.0567125875965655,0,0.1,0.152769626769627,0,-0.0637858857481199,0.0410181543376329,0.0891991884473088,0.0507725815026324,-0.141858013767411,-0.0758173523355808,-0.143452380952381,0.0225806451612903,0.0615293902648779,-0.0429004329004329,-0.0171428571428571,-0.0204342076987886,0,0.0576347403685521,-0.09000739116714,0.111111111111111,-0.0842440318302387,-0.0525413060582219,-0.0338095238095238,0.154540229885057,-0.0525413060582219,0.0551631611905372,-0.0544342842193506,0.0612967995169082,0.0845116884473087
"FUS",-0.0936839277668018,0.0754453918408374,-0.05,0.126143220522648,-0.1,-0.0194594594594595,0.0481828637147786,0.144622721853177,0,0.15,0.196666666666667,-0.132658569500675,-0.000120710782507352,0.0526838245949628,0.0275,-0.00860727086533539,-0.000732323232323233,-0.0781721485845197,0.0436967330932498,0.0188059033989267,0.0188059033989267,-0.000277777777777777,0.0266666666666667,0.190757575757576,0.186212121212121,-0.0428571428571429,-0.0573427867199017,-0.027198778233261,0,0.2,0.0849726775956284,0,0.103184802702875,-0.00365079365079364,-0.0388571428571429,-0.00781971651536868,-0.0474458705779938,-0.0730769230769231,-0.04,-0.1,-0.101370235934664,-0.0352447552447553,-0.08,0.0918552645993277,0.05,0.0165230412658693,0.0188059033989267,0,0.175757575757576,-0.146666666666667,-0.0261538461538462,0.06,-0.170938511326861,0.166090113157524,0.160796415498444,0.0655542358690784,-0.0657802197802198
"Frizzled",0.15046853322348,-0.0691198962076982,0.0881578947368421,-0.0322689075630252,0.1,0.0559420289855073,-0.0702277432712215,-0.0836403923716576,0.1,-0.1,-0.125,0.0393939393939394,-0.0399583922549766,-0.0376984126984127,-0.0409090909090909,0.0325187575350583,0.0266233766233766,0.0330952380952381,-0.0875773004450999,-0.0773410799726589,-0.0773410799726589,-0.0266233766233766,-0.0666666666666667,-0.101190476190476,-0.0913865546218487,0.06,0.12040404040404,-0.0474509803921569,0,-0.1,-0.149019607843137,0,0.00130496137849078,-0.031584178095806,0.06,-0.0283360611020186,-0.0591327063740857,0.0988721804511278,0.05,0.125,-0.0156990867149986,-0.0474509803921569,-0.0333333333333333,0.0338910695913056,-0.2,-0.0222550544111568,-0.0773410799726589,0,-0.0928571428571429,0.0881578947368421,-0.0533333333333333,-0.0733333333333333,0.0988721804511278,-0.0955451542764195,-0.0218132902878666,-0.0792107117688513,0.06625
"FOXC2",-0.0996594427244582,-0.043421052631579,0.00902872777017783,-0.060483660130719,0.1,-0.0813333333333333,0.024260162601626,-0.0195972896430875,0,0,-0.0764705882352941,0.0955403087478559,-0.0131421609733209,-0.0163131185341844,0.1,-0.0485217391304348,-0.109274193548387,0.0427746856318285,-0.0829638009049774,-0.0388461538461538,-0.0388461538461538,0.1125,0.1,-0.131961722488038,-0.118559660632368,0.1,-0.108937728937729,-0.113871768013672,0,-0.1,0.111111111111111,0,-0.0698187270001363,0.092,0.0761904761904762,0.0961497326203209,0.0502746422162011,0.0607528657012123,-0.1,0.0764705882352941,0.146897335932424,-0.0901604278074866,-0.08,0.122323646195888,0,-0.0202864447384459,-0.0388461538461538,0,-0.110909090909091,0.00902872777017783,-0.125454545454545,0.008,0.0620722060310474,-0.0550891949980066,0.0615931527821772,-0.0723567209709872,0.105820105820106
"ERK",-0.0714604799220757,0.0345097178491139,-0.0226806526806527,0.079776694211303,0,0.00424760995195541,0.0152578845535391,0.0310263651413783,0.04,0.0403508771929825,0.0480431848852901,-0.0115500077053475,0.0873050868934042,0.135683626162862,-0.0685901639344262,0.0704226521073354,0.0657484475377226,-0.0201403783914973,-0.071054501054501,-0.0821656121656122,-0.0821656121656122,-0.0614006214507661,-0.00571428571428572,0.0656886098491938,0.0576553688519639,-0.0340909090909091,-0.0850162195124885,-0.00618316278949365,0,0.0666666666666667,0.0642298666488717,0,0.0838785231222022,-0.0886597341742047,-0.0470320855614973,-0.091943278379639,-0.0467916509049328,-0.0364651138335349,0.044,-0.0443589743589744,-0.0347387706008396,-0.00144778674492541,0.131034482758621,0.0511191965555797,0.0366666666666667,-0.00101349994351396,-0.0821656121656122,-0.025,0.0547397047397047,-0.0263648632069685,0.111885546588408,0.0176502002670227,-0.0388330565911924,0.0392902540302672,0.0709291126708789,0.0284244942688907,-0.0479495167541579
"EGR1",0.209523760091716,-0.0814512125630676,0.0662573099415205,0.0360920383963862,-0.0666666666666667,0.047746371275783,-0.0455605789260562,-0.0632414592810632,0.080952380952381,-0.08,-0.0688888888888889,-0.0142601760176018,-0.0699755251062652,0.0410544769772588,-0.0637480798771121,0.0498173749786653,0.0576986971610628,-0.0583711316308001,-0.07438403644286,-0.0734749455337691,-0.0734749455337691,-0.0476986971610628,-0.0523809523809524,0.0576923076923077,0.0532967032967033,-0.0541666666666667,0.214727533837716,-0.0470921149594694,0,-0.1,-0.206044236273744,0,0.0663083674164962,-0.0491722136883427,-0.0594298245614035,-0.053939941793809,0.043887987012987,0.0677207245756668,0.0476190476190476,0.0688888888888889,-0.0830866509766228,-0.0550921149594694,-0.08,0.0248195369841845,-0.08,-0.0687190659913962,-0.0734749455337691,-0.0666666666666667,0.05,0.0634834834834835,-0.0669565217391304,-0.0386554621848739,0.0654636815032855,-0.0662759420396839,0.0560700092536413,-0.0687340830932243,-0.0483187134502924
"Ecadherin",-0.0920765043358326,-0.00598029433774009,0.0607528657012123,-0.0200739767042757,0,-0.024260162601626,0.070010614681192,-0.0550891949980066,-0.1,-0.0764705882352941,-0.00902872777017783,0.0323824140110138,-0.0325882777704311,-0.0498574223316527,0.1125,-0.0778195599536793,-0.109274193548387,0.0116885433097311,-0.0463716221340277,-0.0829638009049774,-0.0829638009049774,0.109274193548387,0.008,-0.118559660632368,-0.130827318624933,0.0761904761904762,-0.0811909877831665,-0.0899501993862212,0,0,0.114908579465541,0,-0.0270269649864063,0.0485217391304348,0.105820105820106,0.0552101353048846,0.0259920815097993,0.0187528657012123,-0.1,0.00902872777017783,0.147583834788259,-0.113871768013672,-0.125454545454545,0.0365398097791403,-0.0764705882352941,-0.0456359321568989,-0.0829638009049774,0.1,-0.131961722488038,0.0620722060310474,-0.0901604278074866,0.0813333333333333,0.0195972896430875,-0.0279183266506677,0.0351828963719208,-0.0226659993215027,0.0876382876382876
"DSH",-0.158342548971512,0.0612458804596667,-0.0988721804511278,0.0180845103999046,0,-0.0702277432712215,0.0601232136544968,0.0955451542764195,-0.05,0.125,0.0881578947368421,-0.0198817442719882,0.0482238171676658,0.0449447895100069,0.0266233766233766,-0.0298772481010961,-0.0235558919607999,-0.0198085248085248,0.075532482517929,0.0875773004450999,0.0875773004450999,0.0266233766233766,0.0733333333333333,0.0913865546218487,0.0962816595169536,-0.06,-0.125891845282089,0.0376765443019313,0,0.1,0.148048734056729,0,-0.0106072869598861,0.0325187575350583,-0.06625,0.0265816751371063,0.0700375787638769,-0.0851466902550494,-0.0409090909090909,-0.0881578947368421,0.0230583940743059,0.0474509803921569,0.0533333333333333,-0.0406513856580308,0.125,0.0314153597546683,0.0875773004450999,-0.06,0.101190476190476,-0.0988721804511278,0.0474509803921569,0.0559420289855073,-0.0836403923716576,0.0869075763601239,0.028998213727207,0.0627550155663197,-0.0673994252873563
"Destcompl",0.114328737353714,-0.00201775252191534,-0.025913511116278,0.00775983250675453,0,-0.0574617578428831,0.0378558465128338,0.0235261396864341,0.122222222222222,0.0301587301587302,0.00413133289845619,-0.0500487866206449,0.0141094203882291,0.0206785912768157,-0.129709906951286,0.0650501253132832,0.129136651521896,-0.0150334544813589,-0.0365974317582457,-0.0212128163736303,-0.0212128163736303,-0.131264311096364,0.0642857142857143,0.0396729338033686,0.0442821522402423,0,0.100663209167364,0.0153372020522882,0,-0.00555555555555556,-0.11885727880471,0,0.0241358016459601,-0.0523015873015873,-0.00810810810810811,-0.0526292510907896,-0.0147326758726124,-0.00940145174707574,0.132567049808429,-0.00413133289845619,-0.127201974738364,0.0250418434024991,0.0287179487179487,0.0711374232506369,0.0301587301587302,-0.0746919454441721,-0.0212128163736303,0,0.0451077164120642,-0.0265193925999487,0.0135664335664336,0.0332512315270936,-0.0101014821521875,0.0134292503442617,0.0453089895814159,0.0242301644706217,-0.000725557772537638
"DELTA",0.201932367149758,-0.0971014492753623,0.02,0.062,0,0.0666666666666667,-0.0706666666666667,0.00937062937062937,0,0,0,-0.04,-0.0646556058320764,0.0333333333333333,-0.0666666666666667,0.0642857142857143,0.0532051282051282,-0.0256410256410256,-0.0151515151515151,-0.0333333333333333,-0.0333333333333333,-0.0916666666666667,0,0.18,0.18,-0.1,0.192121212121212,-0.06,0,0,-0.188888888888889,0,0.0938528138528139,-0.05,-0.0666666666666667,-0.15,-0.00191570881226054,-0.0184615384615385,0.1,0,-0.0757142857142857,-0.06,0.1,-0.0643859649122807,0,-0.0025019305019305,-0.0333333333333333,0,0.2,0.02,0,-0.1,-0.0184615384615385,0.0280519480519481,-0.0338046460581672,0.0157142857142857,-0.0777777777777778
"Csn",-0.177260545905707,0.0729313482216708,-0.122579975072705,0.0397491039426523,0.1,-0.0824687750060884,0.0784114957698116,0.119261647098428,-0.0571428571428571,0.15,0.118965517241379,-0.0359529574541681,0.0572729230713554,0.0574026493447949,0.0359307359307359,-0.0367848028336181,-0.0339300308364296,-0.0359838563455048,0.0959297028613958,0.10418306178654,0.10418306178654,0.0413070800167574,0.0818181818181818,0.0778499278499278,0.0788114663114663,-0.05,-0.155225683363799,0.0356872294372294,0,0.133333333333333,0.164241901888961,0,-0.0293098664912136,0.0339570393374741,-0.0583333333333333,0.0312292358803987,0.0593656237009053,-0.112536306950434,-0.0571428571428571,-0.118965517241379,0.0092883963667221,0.0461038961038961,0.05,-0.0352603918339858,0.15,0.0394099553962946,0.10418306178654,-0.05,0.0843434343434343,-0.122579975072705,0.05,0.0773405698778833,-0.110579975072705,0.112707227375037,0.00444964800295788,0.0873783246773686,-0.0575333333333333
"Csl",0.215089723401037,-0.0819101253547566,-0.0254996616286939,0.0757137333686576,-0.0666666666666667,0.0701119101431409,-0.080769506515023,0.0257275984647849,0.0916666666666667,0.0184615384615385,0.00937062937062937,-0.0397627105457657,-0.0563308208976965,0.0543302751998404,-0.0767345399698341,0.0618716455407103,0.0731008729323851,-0.0620461079703744,-0.0236429364576688,-0.0129811717517864,-0.0129811717517864,-0.0627560453461782,-0.0706666666666667,0.0884889643463497,0.0884889643463497,-0.0555555555555556,0.216554070685319,-0.0357142857142857,0,-0.02,-0.215503795721187,0,0.0922385754422178,-0.0540938677629325,-0.0718346253229974,-0.160698406452882,0.00482609671117572,-0.0125964358222423,0.0532051282051282,-0.00937062937062937,-0.107612161661105,-0.0357142857142857,-0.06,-0.067034913902974,0.0184615384615385,0.00847553935631641,-0.0129811717517864,-0.0777777777777778,0.0832258064516129,-0.0280519480519481,-0.0528571428571429,-0.0771182795698925,-0.014582560296846,0.0159505830273921,-0.0195159253574732,0.00162161407868834,-0.058656330749354
"cMet",0.0753246753246753,0.03001443001443,0.0933333333333333,0.0146511915051241,-0.1,-0.0822222222222222,0.0652009456264775,-0.0909719737626714,0.1,-0.2,-0.2,0.07,-0.0128200104842441,0.0522076248659656,-0.07,0.107633477633478,0.0878977272727273,-0.00481481481481481,-0.0247619047619048,-0.0247619047619048,-0.0247619047619048,-0.0972727272727273,0.06,0.0669172932330827,0.0818109102543593,-0.133333333333333,0.0727305665349144,0.121363636363636,0,-0.1,0.0317460317460317,0,0.0830181412790108,-0.0912698412698413,-0.0733333333333333,-0.078672170622635,0.0530529953917051,0.0887878787878788,0.15,0.1,-0.0625474683544304,0.105,0.075,0.163871873794001,-0.1,0.0546012753995947,-0.0247619047619048,-0.1,0.114285714285714,0.0933333333333333,0.115,0.06,0.0863565891472868,-0.090407002011259,0.113009007599755,-0.0752380952380952,-0.0920833333333333
"cfos",0.208559129866636,-0.0907759714055114,0.0688888888888889,0.0328311688311688,-0.1,0.0386554621848739,-0.047746371275783,-0.0654636815032855,0.0666666666666667,-0.1,-0.08,-0.00138888888888889,-0.0728688343286884,0.0422477943996931,-0.0476190476190476,0.0491722136883427,0.0476986971610628,-0.0511888111888112,-0.0734749455337691,-0.0734749455337691,-0.0734749455337691,-0.0637480798771121,-0.0285714285714286,0.05,0.0576923076923077,-0.0666666666666667,0.202037178507767,-0.0550921149594694,0,-0.1,-0.189650793650794,0,0.0620138888888889,-0.0346560846560846,-0.0541666666666667,-0.0407046476761619,0.0420698051948052,0.0662573099415205,0.080952380952381,0.08,-0.0755004440800711,-0.0669565217391304,0.04,0.0258575992679216,-0.1,-0.0699220735101932,-0.0734749455337691,-0.0666666666666667,0.05,0.0688888888888889,-0.08,-0.0523809523809524,0.0634834834834835,-0.0632414592810632,0.0522238554074875,-0.0668472906403941,-0.0594298245614035
"CDC42",0.208559129866636,-0.0907759714055114,0.0688888888888889,0.0328311688311688,-0.1,0.0386554621848739,-0.047746371275783,-0.0654636815032855,0.0666666666666667,-0.1,-0.08,-0.00138888888888889,-0.0728688343286884,0.0422477943996931,-0.0476190476190476,0.0491722136883427,0.0476986971610628,-0.0511888111888112,-0.0734749455337691,-0.0734749455337691,-0.0734749455337691,-0.0637480798771121,0.0714285714285714,0.05,0.0576923076923077,-0.0666666666666667,0.202037178507767,-0.0550921149594694,0,-0.1,-0.189650793650794,0,0.0620138888888889,-0.0346560846560846,-0.0541666666666667,-0.0407046476761619,0.0420698051948052,0.0662573099415205,0.080952380952381,0.08,-0.0755004440800711,-0.0669565217391304,-0.06,0.0258575992679216,-0.1,-0.0699220735101932,-0.0734749455337691,-0.0666666666666667,0.05,0.0688888888888889,-0.08,-0.0523809523809524,0.0634834834834835,-0.0632414592810632,0.0522238554074875,-0.0668472906403941,-0.0594298245614035
"CD44",0.0682539682539683,0.0492063492063492,0.1,0.018021978021978,0,-0.06,0.0822222222222222,-0.0863565891472868,0.1,-0.1,-0.2,0.0833333333333333,-0.00844044844044844,0.0454279638490165,-0.15,0.0912698412698413,0.0972727272727273,-0.0233333333333333,-0.0247619047619048,-0.0333333333333333,-0.0333333333333333,-0.07,0,0.114285714285714,0.0669172932330827,-0.1,0.0852305665349144,0.105,0,-0.1,0.0365079365079365,0,0.0873659673659674,-0.105555555555556,-0.133333333333333,-0.0923976608187134,0.0482142857142857,0.0933333333333333,0.1,0.1,-0.05875,0.115,0.1,0.162599609162957,0,0.0593310051293245,-0.0333333333333333,-0.1,0.1,0.2,0.075,0.06,0.0933333333333333,-0.0909719737626714,0.111941391941392,-0.08,-0.0733333333333333
"cateninnuc",0.154614783472205,0.011068679038941,-0.108694090305168,0.140505923971901,-0.1,0.0696738663635215,-0.0367044340491111,0.119841255784692,0.233333333333333,0.102097902097902,0.146542346542347,-0.0868320629124038,-0.00885354422538759,0.0125215561103767,-0.254972677595628,0.0765461691559918,0.252019998939625,-0.0145302852647766,0.0871159571159571,0.061021681021681,0.061021681021681,-0.253109323558361,-0.0782857142857143,0.262412589964817,0.254685317237544,-0.133333333333333,0.140344845810948,0.146155330074786,0,0.163636363636364,-0.173151443258205,0,0.159327525930771,-0.0987835497835498,-0.121333333333333,-0.113714764578065,-0.0364413772005054,-0.13952412983086,0.253333333333333,-0.14456365552256,-0.254092743322252,0.129641568606896,0.136231884057971,0.144717103704941,0.102097902097902,0.0149750089375266,0.061021681021681,-0.1,0.250784682988073,-0.110672781324955,0.153692201518288,-0.0305934065934066,-0.142021987674162,0.0383168150224714,0.166052301641101,0.0550891949980066,-0.133833333333333
"cateninmemb",0.0920765043358326,0.00598029433774009,-0.0607528657012123,0.0200739767042757,0,0.024260162601626,-0.070010614681192,0.0550891949980066,0.1,0.0764705882352941,0.00902872777017783,-0.0323824140110138,0.0325882777704311,0.0498574223316527,-0.1125,0.0778195599536793,0.109274193548387,-0.0116885433097311,0.0463716221340277,0.0829638009049774,0.0829638009049774,-0.109274193548387,-0.008,0.118559660632368,0.130827318624933,-0.0761904761904762,0.0811909877831665,0.0899501993862212,0,0,-0.114908579465541,0,0.0270269649864063,-0.0485217391304348,-0.105820105820106,-0.0552101353048846,-0.0259920815097993,-0.0187528657012123,0.1,-0.00902872777017783,-0.147583834788259,0.113871768013672,0.125454545454545,0.178727741124918,0.0764705882352941,0.0456359321568989,0.0829638009049774,-0.1,0.131961722488038,-0.0620722060310474,0.0901604278074866,-0.0813333333333333,-0.0195972896430875,0.0279183266506677,0.0685809388928274,0.0226659993215027,-0.0876382876382876
"AXIN2",0.0820689026814953,0.0373910412234709,-0.0180940924886394,0.0429431495557256,0,-0.0333975199388179,0.0627704572325473,0.0242301644706217,0.1,0.00666666666666667,0.0508527131782946,-0.0764327709068242,0.0221297546804105,0.0227860857247789,-0.101831501831502,0.0451173222912353,0.0994251786464901,-0.0441494347945961,-0.0308585777988824,-0.0542181578513758,-0.0542181578513758,-0.096474358974359,0.0208333333333333,0.0251629072681704,0.0163791234843866,0.0202898550724638,0.0904736980799961,0.0142887685402797,0,0.0666666666666667,-0.0828099833370677,0,0.0487155676286111,-0.0653554175293306,0.0246376811594203,-0.0644959941105986,-0.0407474231844941,-0.043880256010652,0.0923076923076923,-0.0508527131782946,-0.0968314121475714,0.0011853202644176,0,0.0670803314223626,0.00666666666666667,0.0285878585724991,-0.0542181578513758,0.0333333333333333,0.0108771929824561,-0.0180940924886394,0.0170731707317073,0.0714506172839506,-0.0442770577883239,0.0400970040728699,0.0357573995337814,-0.0439388894844582,0.0179710144927536
"AKT",-0.186777338178998,0.046378519004162,-0.114202898550725,-0.00266012386239684,0.1,-0.0703462458153993,0.0537299316160036,0.108655691375001,-0.05,0.133333333333333,0.0942028985507246,-0.0219230769230769,0.0494288804884093,0.0131803239984018,0.05,-0.0603490721541142,-0.0436842105263158,-0.00400986481549142,0.0700080635654163,0.0861526418786693,0.0861526418786693,0.05,0.0676470588235294,0.0883374689826303,0.0968740543484839,0.0392156862745098,-0.147496163648526,0.0273057220398016,0,0.1,0.177963337831759,0,-0.0201661438364122,0.0667463785514206,0.0469079939668175,0.0597596301317313,0.0593220996446803,-0.0957671443607805,-0.05,-0.0942028985507246,0.0677338468121523,0.0323690131790421,0.0333333333333333,-0.0623218420453576,0.133333333333333,0.045707443875472,0.0861526418786693,0.0333333333333333,0.107692307692308,-0.114202898550725,0.0274509803921569,0.0516470588235294,-0.0944288872512896,0.0963479990673086,0.0208732214871579,0.0668354822073234,-0.0541021070432835
